<wpml-config>
	<custom-types>
		<custom-type translate="1">elementor-hf</custom-type>
	</custom-types>
    <elementor-widgets>
    	<widget name="copyright">
			<conditions>
				<condition key="widgetType">copyright</condition>
			</conditions>
    		<fields>
        		<field type="Copyright Text">shortcode</field>
        		<field type="Copyright: Link">link>url</field>
    		</fields>
		</widget>
		<widget name="page-title">
			<conditions>
				<condition key="widgetType">page-title</condition>
			</conditions>
    		<fields>
        		<field type="Page Title: Before Title Text">before</field>
        		<field type="Page Title: After Title Text">after</field>
        		<field type="Page Title: Link">page_heading_link>url</field>
    		</fields>
		</widget>
		<widget name="retina">
			<conditions>
				<condition key="widgetType">retina</condition>
			</conditions>
    		<fields>
        		<field type="Retina Image: Custom Caption">caption</field>
        		<field type="Retina Image: Link">link>url</field>
    		</fields>
		</widget>
		<widget name="hfe-search-button">
			<conditions>
        		<condition key="widgetType">hfe-search-button</condition>
     		</conditions>
      		<fields>
        		<field type="Search Placeholder">placeholder</field>
      		</fields>
    	</widget>
		<widget name="site-logo">
			<conditions>
				<condition key="widgetType">site-logo</condition>
			</conditions>
    		<fields>
        		<field type="Site Logo: Custom Caption">caption</field>
        		<field type="Site Logo: Link">link>url</field>
    		</fields>
		</widget>
		<widget name="hfe-site-tagline">
			<conditions>
				<condition key="widgetType">hfe-site-tagline</condition>
			</conditions>
			<fields>
				<field type="Site Tagline: Before text">before</field>
				<field type="Site Tagline: After text">after</field>
			</fields>
		</widget>
		<widget name="hfe-site-title">
			<conditions>
				<condition key="widgetType">hfe-site-title</condition>
			</conditions>
			<fields>
				<field type="Site Title: Before text">before</field>
				<field type="Site Title: After text">after</field>
				<field type="Site Title: Custom link">heading_link>url</field>
			</fields>
		</widget>
		<widget name="hfe-breadcrumbs-widget">
			<conditions>
				<condition key="widgetType">hfe-breadcrumbs-widget</condition>
			</conditions>
			<fields>
				<field type="Breadcrumbs: Separators text">separator_text</field>
				<field type="Breadcrumbs: Home text">home_text</field>
				<field type="Breadcrumbs: Search text">search_text</field>
				<field type="Breadcrumbs: Custom text">error_text</field>
			</fields>
		</widget>
		<widget name="post-info-widget">
			<conditions>
				<condition key="widgetType">post-info-widget</condition>
			</conditions>
			<fields>
				<field type="Post Info: Before Text">text_prefix</field>
				<field type="Post Info: No Comments">string_no_comments</field>
				<field type="Post Info: One Comment">string_one_comment</field>
				<field type="Post Info: Comments">string_comments</field>
				<field type="Post Info: Custom">custom_text</field>
				<field type="Post Info: Custom URL">custom_url>url</field>
			</fields>
		</widget>
		<widget name="hfe-infocard">
			<conditions>
				<condition key="widgetType">hfe-infocard</condition>
			</conditions>
			<fields>
				<field type="Info Card: Title">infocard_title</field>
				<field type="Info Card: Description">infocard_description</field>
				<field type="Info Card: Link Text">infocard_link_text</field>
				<field type="Info Card: Button Text">infocard_button_text</field>
				<field type="Info Card: CTA URL">infocard_text_link>url</field>
			</fields>
		</widget>
		<widget name="hfe-counter">
			<conditions>
				<condition key="widgetType">hfe-counter</condition>
			</conditions>
			<fields>
				<field type="Counter: Title">title</field>
				<field type="Counter: Prefix">prefix</field>
				<field type="Counter: Suffix">suffix</field>
			</fields>
		</widget>
	</elementor-widgets>
</wpml-config>
